{
  "n_twins": 2800,
  "member_weight_per_twin": 0.1804,
  "income_cleaned_median": 131084.5,
  "hispanic_share": 0.18892857142857142,
  "race_share": {
    "1": 0.6375,
    "8": 0.19857142857142857,
    "2": 0.09107142857142857,
    "6": 0.07035714285714285,
    "3": 0.0025
  },
  "sex_share": {
    "1": 0.5432142857142858,
    "0": 0.4567857142857143
  },
  "states": {
    "TX": 564,
    "NC": 455,
    "FL": 142,
    "MO": 128,
    "UT": 118,
    "CA": 114,
    "KS": 100,
    "PA": 88,
    "WA": 81,
    "CO": 81,
    "NJ": 71,
    "IL": 71,
    "OH": 70,
    "MA": 69,
    "GA": 57,
    "NY": 57,
    "VA": 56,
    "MI": 53,
    "MD": 48,
    "MN": 38,
    "WI": 34,
    "IN": 31,
    "OR": 30,
    "TN": 29,
    "SC": 29,
    "AZ": 29,
    "CT": 27,
    "AL": 25,
    "LA": 20,
    "OK": 17,
    "IA": 17,
    "NV": 12,
    "NE": 12,
    "MS": 9,
    "ID": 8,
    "DE": 7,
    "WY": 3
  },
  "earnings_profile_drawn": {
    "le_1250_mo": 0.01,
    "1251_3333_mo": 0.027857142857142858,
    "gt_3333_mo": 0.9621428571428572
  },
  "income_bands": {
    "lt_75k": 0.16607142857142856,
    "75_150k": 0.4253571428571429,
    "gt_150k": 0.4085714285714286
  }
}