{
  "n_twins": 505,
  "display_cohort": true,
  "analysis_cohort_n": 2800,
  "member_weight_per_twin": 1.0,
  "income_cleaned_median": 132302.01353896744,
  "hispanic_share": 0.2,
  "race_share": {
    "1": 0.6653465346534654,
    "8": 0.20396039603960395,
    "6": 0.06732673267326733,
    "2": 0.0594059405940594,
    "3": 0.0039603960396039604
  },
  "sex_share": {
    "1": 0.5267326732673268,
    "0": 0.47326732673267324
  },
  "income_bands": {
    "lt_75k": 0.1801980198019802,
    "75_150k": 0.39801980198019804,
    "gt_150k": 0.42178217821782177
  },
  "states": {
    "48": 101,
    "37": 77,
    "12": 33,
    "29": 25,
    "06": 19,
    "42": 19,
    "49": 18,
    "17": 18,
    "53": 17,
    "34": 17,
    "20": 16,
    "08": 12,
    "25": 11,
    "41": 11,
    "39": 10,
    "24": 9,
    "19": 9,
    "36": 8,
    "26": 8,
    "18": 7,
    "04": 7,
    "09": 7,
    "13": 6,
    "51": 6,
    "01": 6,
    "27": 5,
    "45": 5,
    "55": 4,
    "47": 4,
    "22": 2,
    "40": 2,
    "32": 2,
    "31": 2,
    "16": 1,
    "56": 1
  }
}