{
  "n_twins": 505,
  "display_cohort": true,
  "analysis_cohort_n": 50000,
  "member_weight_per_twin": 1.0,
  "income_cleaned_median": 125798.0,
  "hispanic_share": 0.17425742574257425,
  "race_share": {
    "1": 0.6415841584158416,
    "8": 0.22178217821782178,
    "2": 0.08514851485148515,
    "6": 0.047524752475247525,
    "3": 0.0039603960396039604
  },
  "sex_share": {
    "1": 0.5702970297029702,
    "0": 0.4297029702970297
  },
  "income_bands": {
    "lt_75k": 0.19405940594059407,
    "75_150k": 0.4514851485148515,
    "gt_150k": 0.35445544554455444
  },
  "states": {
    "48": 106,
    "37": 75,
    "29": 33,
    "49": 28,
    "12": 19,
    "20": 19,
    "25": 18,
    "06": 15,
    "08": 14,
    "53": 13,
    "13": 13,
    "36": 13,
    "42": 12,
    "34": 12,
    "17": 12,
    "39": 11,
    "51": 9,
    "26": 9,
    "45": 9,
    "01": 8,
    "24": 6,
    "55": 6,
    "18": 6,
    "22": 6,
    "16": 5,
    "47": 4,
    "04": 4,
    "40": 4,
    "27": 3,
    "41": 3,
    "09": 3,
    "31": 3,
    "32": 2,
    "10": 1,
    "56": 1
  }
}